Method,Time (s),Payload Fraction,dv,ratio
SLSQP,0.0,0.03154807761807855,[4650. 4650.],"np.float64(0.14597089895924484), np.float64(0.216125802081186)"
differential_evolution,3.6262013912200928,0.03554749827072668,[2772.79891319 6527.19178695],"np.float64(0.3297820716642936), np.float64(0.1077908756268375)"
GA,5.629594326019287,0.0166497255514018,[6866.98338561 2433.01274554],"np.float64(0.03697251531076126), np.float64(0.4503270986963582)"
dp,0.04431605339050293,0.035547362508366105,[2771.4 6528.6],"np.float64(0.32996739307004114), np.float64(0.10772992500147)"
