Method,Time (s),Payload Fraction,dv,ratio
SLSQP,0.0,0.03154807761807855,[4650. 4650.],"[np.float64(0.14597089895924484), np.float64(0.216125802081186)]"
differential_evolution,2.733213424682617,0.0355474982566226,[2772.77010976 6527.22059045],"[np.float64(0.3297858865191579), np.float64(0.10778962869460934)]"
GA,4.7570719718933105,0.03550641017536303,[2590.49962758 6709.50207572],"[np.float64(0.3546899549739952), np.float64(0.10010548558660551)]"
dp,0.0454714298248291,0.035547362508366105,[2771.4 6528.6],"[np.float64(0.32996739307004114), np.float64(0.10772992500147)]"
