Method,Time (s),Payload Fraction,dv,ratio
SLSQP,0.0027070045471191406,0.03154807761807855,[4650. 4650.],"np.float64(0.14597089895924484), np.float64(0.216125802081186)"
differential_evolution,2.8544905185699463,0.035547498305936835,[2772.97185716 6527.01884307],"np.float64(0.3297591669827639), np.float64(0.10779836276028334)"
dp,0.04475259780883789,0.035547362508366105,[2771.4 6528.6],"np.float64(0.32996739307004114), np.float64(0.10772992500147)"
