Method,Time (s),Payload Fraction,dv,ratio
SLSQP,0.0,0.005294921441597247,[3833.33333333 3833.33333333 3833.33333333],"[np.float64(0.05950012963672499), np.float64(0.24743993093077243), np.float64(0.35964317523785366)]"
differential_evolution,4.290869951248169,0.024696561216739864,[4.80964991e-06 3.29676627e+03 8.20323373e+03],"[np.float64(0.8499999980388787), np.float64(0.30282528285170707), np.float64(0.09594568094008912)]"
GA,0.46141982078552246,0.021528872922295647,[ 379.17652484 4643.89776337 6476.92571113],"[np.float64(0.7067508166175371), np.float64(0.17858626551838946), np.float64(0.1705716771247949)]"
