Method,Time (s),Payload Fraction,dv,ratio
SLSQP,0.0,0.005294921441597247,[3833.33333333 3833.33333333 3833.33333333],"[np.float64(0.05950012963672499), np.float64(0.24743993093077243), np.float64(0.35964317523785366)]"
differential_evolution,4.499173402786255,0.024696561120144223,[2.85369338e-05 3.29693010e+03 8.20306987e+03],"[np.float64(0.8499999883641453), np.float64(0.3028070160359906), np.float64(0.09595146957456718)]"
GA,0.47519445419311523,0.013033984429586242,[2702.00152802 2775.28230142 6022.71616971],"[np.float64(0.18229453536800058), np.float64(0.365617012045226), np.float64(0.19555870500946465)]"
