Method,Time (s),Payload Fraction,dv,ratio
SLSQP,0.0044710636138916016,0.03154807761807855,"4650.00, 4650.00","0.15, 0.22"
differential_evolution,2.811751365661621,0.035547498286247634,"2773.08, 6526.91","0.33, 0.11"
TRUST-CONSTR,0.12070631980895996,0.0355473655390846,"2772.98, 6527.02","0.33, 0.11"
NELDER-MEAD,0.011893749237060547,0.035547365539100435,"2772.98, 6527.02","0.33, 0.11"
PSO,0.5754492282867432,0.029823402537009266,"748.95, 8551.06","0.72, 0.04"
BASIN-HOPPING,0.13292717933654785,0.031553499327364405,"4648.70, 4651.30","0.15, 0.22"
dp,0.04875469207763672,0.035547362508366105,"2771.40, 6528.60","0.33, 0.11"
